
{ "render": "TABLE",

"result":
[ { "rooms_fullname": "Chemical and Biological Engineering Building",
"rooms_number": "103",
"rooms_seats": 60 },
{ "rooms_fullname": "Civil and Mechanical Engineering",
  "rooms_number": "1206",
  "rooms_seats": 26 },
{ "rooms_fullname": "Civil and Mechanical Engineering",
  "rooms_number": "1210",
  "rooms_seats": 22 },
{ "rooms_fullname": "MacLeod",
  "rooms_number": "214",
  "rooms_seats": 60 },
{ "rooms_fullname": "MacLeod",
  "rooms_number": "220",
  "rooms_seats": 40 },
{ "rooms_fullname": "MacLeod",
  "rooms_number": "242",
  "rooms_seats": 60 },
{ "rooms_fullname": "MacLeod",
  "rooms_number": "254",
  "rooms_seats": 84 } ] }
